{"data":{
    "time_intervals": 24,
    "num_generators": 5,
    "num_renewable_generators": 2,
    "demand_forecast": [
        61.519534374833306,
        145.0326644828477,
        149.84862134518363,
        116.07318710567421,
        102.97797519330561,
        75.4642870652224,
        69.54756415017641,
        109.35898423260338,
        113.50314813649516,
        60.86237357167714,
        97.97197110681516,
        89.85852863542759,
        145.3257264900034,
        100.39367821102802,
        131.5269779234985,
        74.62923701510609,
        137.12591771745667,
        89.82498347984591,
        139.0765997151181,
        139.168840607751,
        145.85369038772595,
        92.99726771064326,
        88.51447047606825,
        105.61862021889843
    ],
    "fixed_operating_cost": [
        13.114075452803093,
        10.715075312895404,
        22.81145548497908,
        13.128792367016903,
        13.593856874540002
    ],
    "startup_cost": [
        9.184888873583109,
        13.695376267279585,
        13.243770200875568,
        5.60841597194125,
        10.007715757082176
    ],
    "fuel_cost": [
        6.023569824670206,
        4.816398537163993,
        9.004045483763214,
        7.518150032745032,
        5.820387703935231
    ],
    "min_generation_capacity": [
        18.86526180334083,
        16.01817469081943,
        12.175050790391538,
        19.802845645344682,
        10.553340191860766
    ],
    "max_generation_capacity": [
        72.9491658612734,
        53.547609644685906,
        56.95902502172085,
        67.79734406250807,
        78.50097353428063
    ],
    "ramp_up_limit": [
        7.7979300852998765,
        5.737166854433671,
        12.747774293272073,
        11.275525455869762,
        14.015070983548927
    ],
    "ramp_down_limit": [
        11.343576722799675,
        14.7299692272475,
        12.020622284377502,
        6.243505668244946,
        11.6366759859106
    ],
    "min_up_time": [
        1,
        1,
        3,
        1,
        2
    ],
    "min_down_time": [
        1,
        3,
        1,
        1,
        1
    ],
    "emission_rate": [
        0.2743439198312626,
        0.9566535108279102,
        0.8154480157609896,
        0.5626258960170694,
        0.16202391125471494
    ],
    "emission_limit": 1936.5561370150542,
    "renewable_forecast": [
        [
            28.199179293694193,
            6.8573631019329016,
            2.6548694274237263,
            24.081600858458646,
            15.476248856412871,
            3.12500913701542,
            3.8027805420304075,
            27.679113183976522,
            2.943930718901131,
            19.221569931159856,
            18.179174664571356,
            0.6506342531441933,
            15.45881502911689,
            22.229253166591743,
            5.5053653018559014,
            25.139703748423806,
            25.201771326543874,
            18.817853339501365,
            17.27611956370038,
            13.864945267103959,
            10.044191867297716,
            14.00775372535724,
            3.2569065841940437,
            24.512354869715043
        ],
        [
            2.9885360516497297,
            24.310169955157406,
            4.201590612594864,
            21.105275590346782,
            12.358117443337246,
            0.01267187311289053,
            16.851538714375568,
            8.577118780712071,
            9.559256438031639,
            14.19088320855905,
            11.466274952613736,
            24.977736446113795,
            29.1925251683091,
            23.934197081324413,
            28.20222001164173,
            24.893227414913223,
            9.398515270789844,
            8.957363196695567,
            27.43089289423335,
            23.447545315310116,
            9.217528672713147,
            17.665477835015377,
            24.79807650722915,
            2.5476334610862983
        ]
    ]
}
}